provider,provider_industry,damodaran_industry
fmp,Advertising Agencies,Advertising
fmp,Aerospace & Defense,Aerospace/Defense
fmp,Agricultural Inputs,Farming/Agriculture
fmp,Airlines,Air Transport
fmp,Airports & Air Services,Air Transport
fmp,Aluminum,Metals & Mining
fmp,Apparel Manufacturing,Apparel
fmp,Apparel Retail,Retail (Special Lines)
fmp,Asset Management,Investments & Asset Management
fmp,Auto & Truck Dealerships,Retail (Automotive)
fmp,Auto Manufacturers,Auto & Truck
fmp,Auto Parts,Auto Parts
fmp,Banks—Diversified,Bank (Money Center)
fmp,Banks—Regional,Banks (Regional)
fmp,Beverages—Brewers,Beverage (Alcoholic)
fmp,Beverages—Non-Alcoholic,Beverage (Soft)
fmp,Beverages—Wineries & Distilleries,Beverage (Alcoholic)
fmp,Biotechnology,Drugs (Biotechnology)
fmp,Broadcasting,Broadcasting
fmp,Building Materials,Building Materials
fmp,Building Products & Equipment,Construction Supplies
fmp,Business Equipment & Supplies,Office Equipment & Services
fmp,Capital Markets,Brokerage & Investment Banking
fmp,Chemicals,Chemical (Basic)
fmp,Coking Coal,Coal & Related Energy
fmp,Communication Equipment,Telecom. Equipment
fmp,Computer Hardware,Computers/Peripherals
fmp,Confectioners,Food Processing
fmp,Conglomerates,Diversified
fmp,Consulting Services,Business & Consumer Services
fmp,Consumer Electronics,Electronics (Consumer & Office)
fmp,Copper,Metals & Mining
fmp,Credit Services,Financial Svcs. (Non-bank & Insurance)
fmp,Department Stores,Retail (General)
fmp,Diagnostics & Research,Healthcare Products
fmp,Discount Stores,Retail (General)
fmp,Drug Manufacturers—General,Drugs (Pharmaceutical)
fmp,Drug Manufacturers—Specialty & Generic,Drugs (Pharmaceutical)
fmp,Education & Training Services,Education
fmp,Electrical Equipment & Parts,Electrical Equipment
fmp,Electronic Components,Electronics (General)
fmp,Electronic Gaming & Multimedia,Software (Entertainment)
fmp,Electronics & Computer Distribution,Retail (Distributors)
fmp,Engineering & Construction,Engineering/Construction
fmp,Entertainment,Entertainment
fmp,Farm & Heavy Construction Machinery,Machinery
fmp,Farm Products,Farming/Agriculture
fmp,Financial Conglomerates,Financial Svcs. (Non-bank & Insurance)
fmp,Financial Data & Stock Exchanges,Financial Svcs. (Non-bank & Insurance)
fmp,Food Distribution,Food Wholesalers
fmp,Footwear & Accessories,Shoe
fmp,Furnishings Fixtures & Appliances,Furn/Home Furnishings
fmp,Gambling,Hotel/Gaming
fmp,Gold,Precious Metals
fmp,Grocery Stores,Retail (Grocery and Food)
fmp,Health Information Services,Heathcare Information and Technology
fmp,Healthcare Plans,Healthcare Support Services
fmp,Home Improvement Retail,Retail (Building Supply)
fmp,Household & Personal Products,Household Products
fmp,Industrial Distribution,Retail (Distributors)
fmp,Information Technology Services,Computer Services
fmp,Insurance Brokers,Insurance (General)
fmp,Insurance—Diversified,Insurance (General)
fmp,Insurance—Life,Insurance (Life)
fmp,Insurance—Property & Casualty,Insurance (Prop/Cas.)
fmp,Insurance—Reinsurance,Reinsurance
fmp,Insurance—Specialty,Insurance (General)
fmp,Integrated Freight & Logistics,Transportation
fmp,Internet Content & Information,Software (Internet)
fmp,Internet Retail,Retail (Special Lines)
fmp,Leisure,Recreation
fmp,Lodging,Hotel/Gaming
fmp,Lumber & Wood Production,Paper/Forest Products
fmp,Luxury Goods,Retail (Special Lines)
fmp,Marine Shipping,Shipbuilding & Marine
fmp,Medical Care Facilities,Hospitals/Healthcare Facilities
fmp,Medical Devices,Healthcare Products
fmp,Medical Distribution,Healthcare Support Services
fmp,Medical Instruments & Supplies,Healthcare Products
fmp,Metal Fabrication,Metals & Mining
fmp,Mortgage Finance,Financial Svcs. (Non-bank & Insurance)
fmp,Oil & Gas Drilling,Oilfield Svcs/Equip.
fmp,Oil & Gas E&P,Oil/Gas (Production and Exploration)
fmp,Oil & Gas Equipment & Services,Oilfield Svcs/Equip.
fmp,Oil & Gas Integrated,Oil/Gas (Integrated)
fmp,Oil & Gas Midstream,Oil/Gas Distribution
fmp,Oil & Gas Refining & Marketing,Oil/Gas (Integrated)
fmp,Other Industrial Metals & Mining,Metals & Mining
fmp,Other Precious Metals & Mining,Precious Metals
fmp,Packaged Foods,Food Processing
fmp,Packaging & Containers,Packaging & Container
fmp,Paper & Paper Products,Paper/Forest Products
fmp,Personal Services,Business & Consumer Services
fmp,Pharmaceutical Retailers,Retail (Special Lines)
fmp,Pollution & Treatment Controls,Environmental & Waste Services
fmp,Publishing,Publishing & Newspapers
fmp,Railroads,Transportation (Railroads)
fmp,Real Estate—Development,Real Estate (Development)
fmp,Real Estate—Diversified,Real Estate (General/Diversified)
fmp,Real Estate Services,Real Estate (Operations & Services)
fmp,Recreational Vehicles,Recreation
fmp,REIT—Diversified,R.E.I.T.
fmp,REIT—Healthcare Facilities,R.E.I.T.
fmp,REIT—Hotel & Motel,R.E.I.T.
fmp,REIT—Industrial,R.E.I.T.
fmp,REIT—Mortgage,R.E.I.T.
fmp,REIT—Office,R.E.I.T.
fmp,REIT—Residential,R.E.I.T.
fmp,REIT—Retail,R.E.I.T.
fmp,REIT—Specialty,R.E.I.T.
fmp,Rental & Leasing Services,Business & Consumer Services
fmp,Residential Construction,Homebuilding
fmp,Resorts & Casinos,Hotel/Gaming
fmp,Restaurants,Restaurant/Dining
fmp,Scientific & Technical Instruments,Electronics (General)
fmp,Security & Protection Services,Business & Consumer Services
fmp,Semiconductor Equipment & Materials,Semiconductor Equip
fmp,Semiconductors,Semiconductor
fmp,Silver,Precious Metals
fmp,Software,Software (System & Application)
fmp,Software—Application,Software (System & Application)
fmp,Software—Infrastructure,Software (System & Application)
fmp,Solar,Green & Renewable Energy
fmp,Specialty Business Services,Business & Consumer Services
fmp,Specialty Chemicals,Chemical (Specialty)
fmp,Specialty Industrial Machinery,Machinery
fmp,Specialty Retail,Retail (Special Lines)
fmp,Staffing & Employment Services,Business & Consumer Services
fmp,Steel,Steel
fmp,Telecom Services,Telecom. Services
fmp,Textile Manufacturing,Apparel
fmp,Thermal Coal,Coal & Related Energy
fmp,Tobacco,Tobacco
fmp,Tools & Accessories,Machinery
fmp,Travel Services,Recreation
fmp,Trucking,Trucking
fmp,Uranium,Coal & Related Energy
fmp,Utilities—Diversified,Utility (General)
fmp,Utilities—Independent Power Producers,Power
fmp,Utilities—Regulated Electric,Power
fmp,Utilities—Regulated Gas,Utility (General)
fmp,Utilities—Regulated Water,Utility (Water)
fmp,Waste Management,Environmental & Waste Services
fmp,Wireless Telecommunication Services,Telecom (Wireless)
edgar_stooq,Electronic Computers,Computers/Peripherals
edgar_stooq,Services-Prepackaged Software,Software (System & Application)
edgar_stooq,Services-Computer Programming Data Processing,Software (Internet)
edgar_stooq,Semiconductors & Related Devices,Semiconductor
edgar_stooq,Pharmaceutical Preparations,Drugs (Pharmaceutical)
edgar_stooq,Biological Products (No Diagnostic Substances),Drugs (Biotechnology)
edgar_stooq,Surgical & Medical Instruments & Apparatus,Healthcare Products
edgar_stooq,National Commercial Banks,Bank (Money Center)
edgar_stooq,State Commercial Banks,Banks (Regional)
edgar_stooq,Fire Marine & Casualty Insurance,Insurance (Prop/Cas.)
edgar_stooq,Life Insurance,Insurance (Life)
edgar_stooq,Crude Petroleum & Natural Gas,Oil/Gas (Production and Exploration)
edgar_stooq,Petroleum Refining,Oil/Gas (Integrated)
edgar_stooq,Electric Services,Power
edgar_stooq,Natural Gas Transmission,Oil/Gas Distribution
edgar_stooq,Retail-Variety Stores,Retail (General)
edgar_stooq,Retail-Eating Places,Restaurant/Dining
edgar_stooq,Retail-Drug Stores and Proprietary Stores,Retail (Special Lines)
edgar_stooq,Retail-Catalog & Mail-Order Houses,Retail (Special Lines)
edgar_stooq,Motor Vehicles & Passenger Car Bodies,Auto & Truck
edgar_stooq,Motor Vehicle Parts & Accessories,Auto Parts
edgar_stooq,Aircraft,Aerospace/Defense
edgar_stooq,Guided Missiles & Space Vehicles & Parts,Aerospace/Defense
edgar_stooq,Air Transportation Scheduled,Air Transport
edgar_stooq,Railroads Line-Haul Operating,Transportation (Railroads)
edgar_stooq,Beverages,Beverage (Soft)
edgar_stooq,Malt Beverages,Beverage (Alcoholic)
edgar_stooq,Perfumes Cosmetics & Other Toilet Preparations,Household Products
edgar_stooq,Soap Detergents Cleaning Preparations,Household Products
edgar_stooq,Plastics Materials Synth Resins & Nonvulcan Elastomers,Chemical (Specialty)
edgar_stooq,Industrial Inorganic Chemicals,Chemical (Basic)
edgar_stooq,Steel Works Blast Furnaces & Rolling Mills,Steel
edgar_stooq,Gold Mining,Precious Metals
edgar_stooq,Construction Machinery & Equip,Machinery
edgar_stooq,Farm Machinery & Equipment,Machinery
edgar_stooq,General Industrial Machinery & Equipment,Machinery
edgar_stooq,Telephone Communications (No Radiotelephone),Telecom. Services
edgar_stooq,Radiotelephone Communications,Telecom (Wireless)
edgar_stooq,Cable & Other Pay Television Services,Broadcasting
edgar_stooq,Real Estate Investment Trusts,R.E.I.T.
edgar_stooq,Hotels & Motels,Hotel/Gaming
edgar_stooq,Services-Advertising Agencies,Advertising
